INSERT INTO CATEGORIE (libellecategorie) VALUES ('Directeur');
INSERT INTO CATEGORIE (libellecategorie) VALUES ('Conseiller');
INSERT INTO CATEGORIE (libellecategorie) VALUES ('Agent');

INSERT INTO MOTIF (INTITULE, DOCUMENT) VALUES ('Compte Courant', 'Contrat de travail');
INSERT INTO MOTIF (INTITULE, DOCUMENT) VALUES ('Compte Étudiant', 'Attestation de scolarité');
INSERT INTO MOTIF (INTITULE, DOCUMENT) VALUES ('Compte Senior', 'Justificatif de pension');

INSERT INTO MOTIF (INTITULE, DOCUMENT) VALUES ('Contrat d&#39;Assurance Automobile', 'Carte grise');
INSERT INTO MOTIF (INTITULE, DOCUMENT) VALUES ('Contrat de Prêt', 'Relevés bancaires');
INSERT INTO MOTIF (INTITULE, DOCUMENT) VALUES ('Contrat d&#39;Assurance Vie', 'Acte de naissance');

INSERT INTO TYPECOMPTE (IDMOTIF, NOM, ACTIF) VALUES (1, 'Compte Courant', 1);
INSERT INTO TYPECOMPTE (IDMOTIF, NOM, ACTIF) VALUES (2, 'Compte Étudiant', 1);
INSERT INTO TYPECOMPTE (IDMOTIF, NOM, ACTIF) VALUES (3, 'Compte Senior', 1);

INSERT INTO TYPECONTRAT (IDMOTIF, NOM, ACTIF) VALUES (4, 'Contrat d&#39;Assurance Automobile', 1);
INSERT INTO TYPECONTRAT (IDMOTIF, NOM, ACTIF) VALUES (5, 'Contrat de Prêt', 1);
INSERT INTO TYPECONTRAT (IDMOTIF, NOM, ACTIF) VALUES (6, 'Contrat d&#39;Assurance Vie', 1);

INSERT INTO EMPLOYE (IDCATEGORIE,NOM,PRENOM,LOGIN,PASSWORD,COLOR) VALUES (1,"King","Augusta","Lovelace","$2y$12$qkz.9vq4D/qII0cVfsNGheAexwe8uvqipP.TiD2VeqqAqtYJ2rRtm",'royal-purple'); -- 123

INSERT INTO EMPLOYE (IDCATEGORIE,NOM,PRENOM,LOGIN,PASSWORD,COLOR) VALUES (2,"Turing","Alan","Alan","$2y$12$njNgks19Mdnkyq5LjnTF.uP2zWfMbIkf2xo6/a0UOSLxl2ujN/Puy",'lush-green'); -- 123
INSERT INTO EMPLOYE (IDCATEGORIE,NOM,PRENOM,LOGIN,PASSWORD,COLOR) VALUES (2,"Hooper","Thomas","Thomas","$2y$12$b6zxvrXxWYoHdo55Tr7I/u/YG6vdXbTiuYExrdEds2fdMExecGuxS",'turquoise-cyan'); -- 123
INSERT INTO EMPLOYE (IDCATEGORIE,NOM,PRENOM,LOGIN,PASSWORD,COLOR) VALUES (2,"Andromeda","Eleanor","Eleanor","$2y$12$PU3E8CV9uCRa/5PcrqzvqOucicNPcYtXAY8/pHsfTXqDH3RznDRo.",'berry-red'); -- 123
INSERT INTO EMPLOYE (IDCATEGORIE,NOM,PRENOM,LOGIN,PASSWORD,COLOR) VALUES (2,"Arthur","Ernest","Ernest","$2y$12$12okhBNXddxkXIJn.YywneGSsk37qSqo7J0VqdSiUY4LUYHLT8z1m",'lavender'); -- 123
INSERT INTO EMPLOYE (IDCATEGORIE,NOM,PRENOM,LOGIN,PASSWORD,COLOR) VALUES (2,"Blake","Charlie","Charlie","$2y$12$W4LEwafCZK7P.rnskiECNeEXSmKPD1U290pqFPb4RrnG8GGqsb38G",'sunny-orange'); -- 123

INSERT INTO EMPLOYE (IDCATEGORIE,NOM,PRENOM,LOGIN,PASSWORD,COLOR) VALUES (3,"Babbage","Charles","Charles","$2y$12$dXwfxEOCdZXHID76ZQyRie3virD1meoa/x/TEnHIyYBBRcaAkmwMW","lemon-yellow"); -- 123
INSERT INTO EMPLOYE (IDCATEGORIE,NOM,PRENOM,LOGIN,PASSWORD,COLOR) VALUES (3,"Murdoch","Matt","Matt","$2y$12$4MMpQMM.42o/iMM/L7O4qOo45Pc31pvpZhgdidaZInxoxZmWsua8i","ocean-blue"); -- 123
INSERT INTO EMPLOYE (IDCATEGORIE,NOM,PRENOM,LOGIN,PASSWORD,COLOR) VALUES (3,"Merry","Alexander","Alexander","$2y$12$C7aJBn.dW76vzhnhOwAzlOrXEUhKkeeJHoB8D9KzE0kM8w/5VIWZe","coral-pink"); -- 123

INSERT INTO CLIENT (IDEMPLOYE,NOM,PRENOM,DATENAISSANCE,DATECREATION,ADRESSE,NUMTEL,EMAIL,PROFESSION,SITUATIONFAMILIALE,CIVILITEE) VALUES (2, 'Jaquemin', 'Geoffroy', '2003-12-26 12:00:00', '2023-12-11 12:00:00', '28 Rue du pain, Paris', '06 81 81 81 60', 'travail.univ@email.com', 'Étudiant', 'Célibataire', 'M.');
INSERT INTO CLIENT (IDEMPLOYE,NOM,PRENOM,DATENAISSANCE,DATECREATION,ADRESSE,NUMTEL,EMAIL,PROFESSION,SITUATIONFAMILIALE,CIVILITEE) VALUES (2, 'Shepard', 'John', '2000-07-03 12:00:00', '2023-02-14 12:00:00', '202 Normandy', '07 20 04 11 20', 'john.danse@email.com', 'Capitaine', 'Célibataire', 'Mx');
INSERT INTO CLIENT (IDEMPLOYE,NOM,PRENOM,DATENAISSANCE,DATECREATION,ADRESSE,NUMTEL,EMAIL,PROFESSION,SITUATIONFAMILIALE,CIVILITEE) VALUES (3, 'Mievilly', 'Leo', '2004-01-17 12:00:00', '2004-01-17 12:00:00', 'Dans les Arbres', '05 13 90 11 10', 'leo.mievilly@email.com', 'Écrivain', 'Célibataire', 'M.');
INSERT INTO CLIENT (IDEMPLOYE,NOM,PRENOM,DATENAISSANCE,DATECREATION,ADRESSE,NUMTEL,EMAIL,PROFESSION,SITUATIONFAMILIALE,CIVILITEE) VALUES (3, 'Mievilly', 'Bartholomew', '2023-03-17 12:00:00', '2023-05-05 12:00:00', 'Dans les îles', '08 12 00 10 10', 'bfce3.mievilly@email.com', 'Chanteur', 'Célibataire', 'M.');
INSERT INTO CLIENT (IDEMPLOYE,NOM,PRENOM,DATENAISSANCE,DATECREATION,ADRESSE,NUMTEL,EMAIL,PROFESSION,SITUATIONFAMILIALE,CIVILITEE) VALUES (4, 'Jacob', 'Max', '1976-05-12 12:00:00', '2012-12-12 12:00:00', 'Rue des Halles, Paris', '01 02 07 50 10', 'max.jacob@telegraphe.com', 'Poète', 'Célibataire', 'M.');
INSERT INTO CLIENT (IDEMPLOYE,NOM,PRENOM,DATENAISSANCE,DATECREATION,ADRESSE,NUMTEL,EMAIL,PROFESSION,SITUATIONFAMILIALE,CIVILITEE) VALUES (4,"Hemingway","Harold","1998-10-31 12:00:00","2012-06-01 12:00:00","123 Sesame Street, Capital City","01 14 14 88 10","harold.hemingway@gmail.com","Acteur","Pacsé","M.");
INSERT INTO CLIENT (IDEMPLOYE,NOM,PRENOM,DATENAISSANCE,DATECREATION,ADRESSE,NUMTEL,EMAIL,PROFESSION,SITUATIONFAMILIALE,CIVILITEE) VALUES (5, 'El Moumni', 'Salma', '1999-09-16 12:00:00', '2023-11-14 12:00:00', 'Rue des Halles, paris', '01 60 04 01 30', 'salma.el-moumni@email.com', 'Écrivaine', 'N/A', 'Mme');
INSERT INTO CLIENT (IDEMPLOYE,NOM,PRENOM,DATENAISSANCE,DATECREATION,ADRESSE,NUMTEL,EMAIL,PROFESSION,SITUATIONFAMILIALE,CIVILITEE) VALUES (6, 'Blake', 'Daphné', '1989-09-20 12:00:00', '2015-03-10 12:00:00', 'Weird Street, Crystal Cove', '01 23 45 67 89', 'daphné.blake@email.com', 'Enquêtrice', 'Concubinage', 'Mme');
INSERT INTO CLIENT (IDEMPLOYE,NOM,PRENOM,DATENAISSANCE,DATECREATION,ADRESSE,NUMTEL,EMAIL,PROFESSION,SITUATIONFAMILIALE,CIVILITEE) VALUES (6, 'Dinkley', 'Véra', '1989-09-13 12:00:00', '2015-03-10 12:00:00', 'Mystery Alley, Crystal Cove', '09 05 70 04 11', 'vera.dinckley@email.com', 'Enquêtrice', 'Célibataire', 'Mme');
INSERT INTO CLIENT (IDEMPLOYE,NOM,PRENOM,DATENAISSANCE,DATECREATION,ADRESSE,NUMTEL,EMAIL,PROFESSION,SITUATIONFAMILIALE,CIVILITEE) VALUES (6, 'Rogers', 'Sammy', '1990-01-24 12:00:00', '2015-03-10 12:00:00', 'Unknown Avenue, Crystal Cove', '02 40 02 03 05', 'sammy.doo@email.com', 'Enquêteur', 'Célibataire', 'Mr');
INSERT INTO CLIENT (IDEMPLOYE,NOM,PRENOM,DATENAISSANCE,DATECREATION,ADRESSE,NUMTEL,EMAIL,PROFESSION,SITUATIONFAMILIALE,CIVILITEE) VALUES (6, 'Jones', 'Fred', '1989-09-13 12:00:00', '2015-03-10 12:00:00', 'Weird Street, Crystal Cove', '06 81 17 10 90', 'trap.piege@email.com', 'Enquêteur', 'Concubinage', 'Mr');
INSERT INTO CLIENT (IDEMPLOYE,NOM,PRENOM,DATENAISSANCE,DATECREATION,ADRESSE,NUMTEL,EMAIL,PROFESSION,SITUATIONFAMILIALE,CIVILITEE) VALUES (6, 'Dooby-Doo', 'Scooby', '1996-09-13 12:00:00', '2015-03-10 12:00:00', 'Unknown Avenue, Crystal Cove', '02 01 27 25 01', 'scooby.snack@email.com', 'Enquêteur', 'Célibataire', 'Mx');

INSERT INTO COMPTE (IDTYPECOMPTE,SOLDE,DECOUVERT,DATECREATION) VALUES (2,3000,100,"2023-12-11 12:00:00");
INSERT INTO COMPTE (IDTYPECOMPTE,SOLDE,DECOUVERT,DATECREATION) VALUES (1,7356,150,"2017-06-27 12:00:00");
INSERT INTO COMPTE (IDTYPECOMPTE,SOLDE,DECOUVERT,DATECREATION) VALUES (2,3000,100,"2022-01-17 12:00:00");
INSERT INTO COMPTE (IDTYPECOMPTE,SOLDE,DECOUVERT,DATECREATION) VALUES (1,37000000,1000,"2023-05-05 12:00:00");
INSERT INTO COMPTE (IDTYPECOMPTE,SOLDE,DECOUVERT,DATECREATION) VALUES (3,137000,500,"2012-12-12 12:00:00");
INSERT INTO COMPTE (IDTYPECOMPTE,SOLDE,DECOUVERT,DATECREATION) VALUES (3,329000,600,"2012-06-01 12:00:00");
INSERT INTO COMPTE (IDTYPECOMPTE,SOLDE,DECOUVERT,DATECREATION) VALUES (1,57000,1000,"2023-11-14 12:00:00");
INSERT INTO COMPTE (IDTYPECOMPTE,SOLDE,DECOUVERT,DATECREATION) VALUES (1,68000,1000,"2015-03-10 12:00:00");
INSERT INTO COMPTE (IDTYPECOMPTE,SOLDE,DECOUVERT,DATECREATION) VALUES (1,14000,200,"2015-03-10 12:00:00");
INSERT INTO COMPTE (IDTYPECOMPTE,SOLDE,DECOUVERT,DATECREATION) VALUES (1,71000,1000,"2015-03-10 12:00:00");
INSERT INTO COMPTE (IDTYPECOMPTE,SOLDE,DECOUVERT,DATECREATION) VALUES (1,31000,1000,"2015-03-10 12:00:00");
INSERT INTO COMPTE (IDTYPECOMPTE,SOLDE,DECOUVERT,DATECREATION) VALUES (1,141000000,1000,"2015-03-10 12:00:00");

INSERT INTO POSSEDECOMPTE(IDCOMPTE,IDCLIENT) VALUES (1,1);
INSERT INTO POSSEDECOMPTE(IDCOMPTE,IDCLIENT) VALUES (2,2);
INSERT INTO POSSEDECOMPTE(IDCOMPTE,IDCLIENT) VALUES (3,3);
INSERT INTO POSSEDECOMPTE(IDCOMPTE,IDCLIENT) VALUES (4,4);
INSERT INTO POSSEDECOMPTE(IDCOMPTE,IDCLIENT) VALUES (5,5);
INSERT INTO POSSEDECOMPTE(IDCOMPTE,IDCLIENT) VALUES (6,6);
INSERT INTO POSSEDECOMPTE(IDCOMPTE,IDCLIENT) VALUES (7,7);
INSERT INTO POSSEDECOMPTE(IDCOMPTE,IDCLIENT) VALUES (8,8);
INSERT INTO POSSEDECOMPTE(IDCOMPTE,IDCLIENT) VALUES (9,9);
INSERT INTO POSSEDECOMPTE(IDCOMPTE,IDCLIENT) VALUES (10,10);
INSERT INTO POSSEDECOMPTE(IDCOMPTE,IDCLIENT) VALUES (11,11);
INSERT INTO POSSEDECOMPTE(IDCOMPTE,IDCLIENT) VALUES (12,12);

INSERT INTO CONTRAT(IDTYPECONTRAT,TARIFMENSUEL,DATEOUVERTURE) VALUES (1,43.71,"2019-03-21 12:00:00");
INSERT INTO CONTRAT(IDTYPECONTRAT,TARIFMENSUEL,DATEOUVERTURE) VALUES (1,52.34,"2023-07-13 12:00:00");
INSERT INTO CONTRAT(IDTYPECONTRAT,TARIFMENSUEL,DATEOUVERTURE) VALUES (1,39.46,"2012-07-09 12:00:00");
INSERT INTO CONTRAT(IDTYPECONTRAT,TARIFMENSUEL,DATEOUVERTURE) VALUES (1,73.92,"2016-09-28 12:00:00");

INSERT INTO CONTRAT(IDTYPECONTRAT,TARIFMENSUEL,DATEOUVERTURE) VALUES (2,200,"2023-01-29 12:00:00");
INSERT INTO CONTRAT(IDTYPECONTRAT,TARIFMENSUEL,DATEOUVERTURE) VALUES (2,100,"2023-09-18 12:00:00");
INSERT INTO CONTRAT(IDTYPECONTRAT,TARIFMENSUEL,DATEOUVERTURE) VALUES (2,100,"2018-03-04 12:00:00");
INSERT INTO CONTRAT(IDTYPECONTRAT,TARIFMENSUEL,DATEOUVERTURE) VALUES (2,230,"2017-05-09 12:00:00");

INSERT INTO CONTRAT(IDTYPECONTRAT,TARIFMENSUEL,DATEOUVERTURE) VALUES (3,50,"2023-08-15 12:00:00");
INSERT INTO CONTRAT(IDTYPECONTRAT,TARIFMENSUEL,DATEOUVERTURE) VALUES (3,50,"2021-04-30 12:00:00");
INSERT INTO CONTRAT(IDTYPECONTRAT,TARIFMENSUEL,DATEOUVERTURE) VALUES (3,50,"2020-01-02 12:00:00");
INSERT INTO CONTRAT(IDTYPECONTRAT,TARIFMENSUEL,DATEOUVERTURE) VALUES (3,50,"2018-06-18 12:00:00");

INSERT INTO POSSEDECONTRAT(IDCONTRAT,IDCLIENT) VALUES (1,2);
INSERT INTO POSSEDECONTRAT(IDCONTRAT,IDCLIENT) VALUES (2,3);
INSERT INTO POSSEDECONTRAT(IDCONTRAT,IDCLIENT) VALUES (3,6);
INSERT INTO POSSEDECONTRAT(IDCONTRAT,IDCLIENT) VALUES (4,11);

INSERT INTO POSSEDECONTRAT(IDCONTRAT,IDCLIENT) VALUES (5,9);
INSERT INTO POSSEDECONTRAT(IDCONTRAT,IDCLIENT) VALUES (6,1);
INSERT INTO POSSEDECONTRAT(IDCONTRAT,IDCLIENT) VALUES (7,5);
INSERT INTO POSSEDECONTRAT(IDCONTRAT,IDCLIENT) VALUES (8,7);

INSERT INTO POSSEDECONTRAT(IDCONTRAT,IDCLIENT) VALUES (9,4);
INSERT INTO POSSEDECONTRAT(IDCONTRAT,IDCLIENT) VALUES (10,8);
INSERT INTO POSSEDECONTRAT(IDCONTRAT,IDCLIENT) VALUES (11,10);
INSERT INTO POSSEDECONTRAT(IDCONTRAT,IDCLIENT) VALUES (12,12);

INSERT INTO OPERATION(IDCOMPTE,SOURCE,LIBELLE,DATEOPERATION,MONTANT,ISCREDIT) VALUES (1,"Banque","Prêt","2024-01-01 08:00:00",100,0);
INSERT INTO OPERATION(IDCOMPTE,SOURCE,LIBELLE,DATEOPERATION,MONTANT,ISCREDIT) VALUES (1,"Gouvernement","Bourse","2024-01-03 14:30:00",400,1);

INSERT INTO OPERATION(IDCOMPTE,SOURCE,LIBELLE,DATEOPERATION,MONTANT,ISCREDIT) VALUES (2,"Banque","Assurance Auto","2024-01-01 08:00:00",43.71,0);
INSERT INTO OPERATION(IDCOMPTE,SOURCE,LIBELLE,DATEOPERATION,MONTANT,ISCREDIT) VALUES (2,"USAF","Salaire","2024-01-02 10:30:00",6000,1);

INSERT INTO OPERATION(IDCOMPTE,SOURCE,LIBELLE,DATEOPERATION,MONTANT,ISCREDIT) VALUES (3,"Banque","Assurance Auto","2024-01-01 08:00:00",52.34,0);
INSERT INTO OPERATION(IDCOMPTE,SOURCE,LIBELLE,DATEOPERATION,MONTANT,ISCREDIT) VALUES (3,"Editions Gallimard","Droits d&#39;Auteur","2024-01-05 15:00:00",1100,1);

INSERT INTO OPERATION(IDCOMPTE,SOURCE,LIBELLE,DATEOPERATION,MONTANT,ISCREDIT) VALUES (4,"Banque","Assurance Vie","2024-01-01 08:00:00",50,0);
INSERT INTO OPERATION(IDCOMPTE,SOURCE,LIBELLE,DATEOPERATION,MONTANT,ISCREDIT) VALUES (4,"PetCo","Salaire","2024-01-01 00:00:00",10000,1);

INSERT INTO OPERATION(IDCOMPTE,SOURCE,LIBELLE,DATEOPERATION,MONTANT,ISCREDIT) VALUES (5,"Banque","Prêt","2024-01-01 08:00:00",100,0);
INSERT INTO OPERATION(IDCOMPTE,SOURCE,LIBELLE,DATEOPERATION,MONTANT,ISCREDIT) VALUES (5,"Gouvernement","Pension Retraite","2024-01-03 14:30:00",1200,1);

INSERT INTO OPERATION(IDCOMPTE,SOURCE,LIBELLE,DATEOPERATION,MONTANT,ISCREDIT) VALUES (6,"Banque","Assurance Auto","2024-01-01 08:00:00",39.46,0);
INSERT INTO OPERATION(IDCOMPTE,SOURCE,LIBELLE,DATEOPERATION,MONTANT,ISCREDIT) VALUES (6,"Gouvernement","Pension Retraite","2024-01-03 14:30:00",1600,1);

INSERT INTO OPERATION(IDCOMPTE,SOURCE,LIBELLE,DATEOPERATION,MONTANT,ISCREDIT) VALUES (7,"Banque","Prêt","2024-01-01 08:00:00",230,0);
INSERT INTO OPERATION(IDCOMPTE,SOURCE,LIBELLE,DATEOPERATION,MONTANT,ISCREDIT) VALUES (7,"Editions Grasset","Droits d&#39;Auteure","2024-01-01 11:30:00",2600,1);

INSERT INTO OPERATION(IDCOMPTE,SOURCE,LIBELLE,DATEOPERATION,MONTANT,ISCREDIT) VALUES (8,"Banque","Assurance Vie","2024-01-01 08:00:00",50,0);
INSERT INTO OPERATION(IDCOMPTE,SOURCE,LIBELLE,DATEOPERATION,MONTANT,ISCREDIT) VALUES (8,"Mystery Inc","Salaire","2024-01-06 17:00:00",3000,1);

INSERT INTO OPERATION(IDCOMPTE,SOURCE,LIBELLE,DATEOPERATION,MONTANT,ISCREDIT) VALUES (9,"Banque","Prêt","2024-01-01 08:00:00",200,0);
INSERT INTO OPERATION(IDCOMPTE,SOURCE,LIBELLE,DATEOPERATION,MONTANT,ISCREDIT) VALUES (9,"Mystery Inc","Salaire","2024-01-06 17:00:00",3000,1);

INSERT INTO OPERATION(IDCOMPTE,SOURCE,LIBELLE,DATEOPERATION,MONTANT,ISCREDIT) VALUES (10,"Banque","Assurance Vie","2024-01-01 08:00:00",50,0);
INSERT INTO OPERATION(IDCOMPTE,SOURCE,LIBELLE,DATEOPERATION,MONTANT,ISCREDIT) VALUES (10,"Mystery Inc","Salaire","2024-01-06 17:00:00",3000,1);

INSERT INTO OPERATION(IDCOMPTE,SOURCE,LIBELLE,DATEOPERATION,MONTANT,ISCREDIT) VALUES (11,"Banque","Assurance Auto","2024-01-01 08:00:00",73.92,0);
INSERT INTO OPERATION(IDCOMPTE,SOURCE,LIBELLE,DATEOPERATION,MONTANT,ISCREDIT) VALUES (11,"Mystery Inc","Salaire","2024-01-06 17:00:00",3000,1);

INSERT INTO OPERATION(IDCOMPTE,SOURCE,LIBELLE,DATEOPERATION,MONTANT,ISCREDIT) VALUES (12,"Banque","Assurance Vie","2024-01-01 08:00:00",50,0);
INSERT INTO OPERATION(IDCOMPTE,SOURCE,LIBELLE,DATEOPERATION,MONTANT,ISCREDIT) VALUES (12,"Mystery Inc","Salaire","2024-01-06 17:00:00",3000,1);

INSERT INTO RDV(IDMOTIF,IDCLIENT,IDEMPLOYE,HORAIREDEBUT,HORAIREFIN) VALUES (1,7,5,"2024-01-01 09:00:00","2024-01-01 10:00:00");
INSERT INTO RDV(IDMOTIF,IDCLIENT,IDEMPLOYE,HORAIREDEBUT,HORAIREFIN) VALUES (2,1,2,"2024-01-02 13:30:00","2024-01-02 14:30:00");
INSERT INTO RDV(IDMOTIF,IDCLIENT,IDEMPLOYE,HORAIREDEBUT,HORAIREFIN) VALUES (3,5,4,"2024-01-03 16:00:00","2024-01-03 17:00:00");
INSERT INTO RDV(IDMOTIF,IDCLIENT,IDEMPLOYE,HORAIREDEBUT,HORAIREFIN) VALUES (4,3,3,"2024-01-05 11:00:00","2024-01-05 12:00:00");
INSERT INTO RDV(IDMOTIF,IDCLIENT,IDEMPLOYE,HORAIREDEBUT,HORAIREFIN) VALUES (5,9,6,"2024-01-06 10:30:00","2024-01-06 11:30:00");
INSERT INTO RDV(IDMOTIF,IDCLIENT,IDEMPLOYE,HORAIREDEBUT,HORAIREFIN) VALUES (6,4,3,"2024-01-04 14:00:00","2024-01-04 15:00:00");

INSERT INTO TACHEADMIN(IDEMPLOYE,HORAIREDEBUT,HORAIREFIN,LIBELLE) VALUES(2,"2024-01-03 09:00:00","2024-01-03 10:00:00","Etude dossier");
INSERT INTO TACHEADMIN(IDEMPLOYE,HORAIREDEBUT,HORAIREFIN,LIBELLE) VALUES(3,"2024-01-02 14:00:00","2024-01-02 15:00:00","Etude dossier");
INSERT INTO TACHEADMIN(IDEMPLOYE,HORAIREDEBUT,HORAIREFIN,LIBELLE) VALUES(4,"2024-01-04 11:00:00","2024-01-04 12:00:00","Etude dossier");
INSERT INTO TACHEADMIN(IDEMPLOYE,HORAIREDEBUT,HORAIREFIN,LIBELLE) VALUES(5,"2024-01-06 16:00:00","2024-01-06 17:00:00","Etude dossier");
INSERT INTO TACHEADMIN(IDEMPLOYE,HORAIREDEBUT,HORAIREFIN,LIBELLE) VALUES(6,"2024-01-01 10:00:00","2024-01-01 11:00:00","Etude dossier");